{"cameraMode":{"drawMode":0,"name":"Shaded","section":"Shading Mode"},"sceneLighting":false,"audioPlay":false,"sceneViewState":{"showFog":true,"showMaterialUpdate":true,"showSkybox":false,"showFlares":true,"showImageEffects":true,"showParticleSystems":true},"in2DMode":false,"pivot":{"x":-5.829999923706055,"y":1.2799999713897706,"z":11.789999961853028},"rotation":{"x":-0.11678171902894974,"y":0.5585035085678101,"z":-0.0797726958990097,"w":-0.8173924088478088},"size":1.0980929136276246,"orthographic":false}