{"cameraMode":{"drawMode":0,"name":"Shaded","section":"Shading Mode"},"sceneLighting":false,"audioPlay":false,"sceneViewState":{"showFog":true,"showMaterialUpdate":true,"showSkybox":false,"showFlares":true,"showImageEffects":true,"showParticleSystems":true},"in2DMode":false,"pivot":{"x":-1.4816619157791138,"y":0.7125727534294128,"z":-10.341018676757813},"rotation":{"x":-0.02551547810435295,"y":0.8767841458320618,"z":-0.046884097158908847,"w":-0.47808390855789187},"size":1.3939381837844849,"orthographic":false}