{"cameraMode":{"drawMode":0,"name":"Shaded","section":"Shading Mode"},"sceneLighting":false,"audioPlay":false,"sceneViewState":{"showFog":true,"showMaterialUpdate":true,"showSkybox":false,"showFlares":true,"showImageEffects":true,"showParticleSystems":true},"in2DMode":false,"pivot":{"x":0.7821186780929565,"y":0.806914210319519,"z":29.808385848999025},"rotation":{"x":-0.024889057502150537,"y":-0.027901727706193925,"z":0.0006488255457952619,"w":-0.9994343519210815},"size":1.420649766921997,"orthographic":false}