{"cameraMode":{"drawMode":0,"name":"Shaded","section":"Shading Mode"},"sceneLighting":false,"audioPlay":false,"sceneViewState":{"showFog":true,"showMaterialUpdate":true,"showSkybox":true,"showFlares":true,"showImageEffects":true,"showParticleSystems":true},"in2DMode":false,"pivot":{"x":18.920310974121095,"y":-1.546431541442871,"z":6.840456008911133},"rotation":{"x":-0.13234223425388337,"y":-0.43620923161506655,"z":0.06489478796720505,"w":-0.8879667520523071},"size":23.897947311401368,"orthographic":false}