{"cameraMode":{"drawMode":0,"name":"Shaded","section":"Shading Mode"},"sceneLighting":false,"audioPlay":false,"sceneViewState":{"showFog":true,"showMaterialUpdate":true,"showSkybox":false,"showFlares":true,"showImageEffects":true,"showParticleSystems":true},"in2DMode":false,"pivot":{"x":0.6231951713562012,"y":2.1948602199554445,"z":29.74136734008789},"rotation":{"x":0.09402437508106232,"y":-0.34642308950424197,"z":0.03480599820613861,"w":0.9330419898033142},"size":1.420649766921997,"orthographic":false}